,task,mode,balance,distribution,n_clients,act_prob,n_epochs,seed,epoch,a1,a2,a3,a4,l1,l2,l3,l4
0,TinyImageNet,feddecorr,0,0,100,0.1,5,3,9,0.0266,0.02726,0.0172,0.01726,4.971826171875,4.9674245703125,5.259228125,5.258782734375
1,TinyImageNet,feddecorr,0,0,100,0.1,5,3,19,0.0524,0.05705,0.0439,0.04564,4.7744349609375,4.72552837890625,4.96060390625,4.94702255859375
2,TinyImageNet,feddecorr,0,0,100,0.1,5,3,29,0.0759,0.08744,0.0662,0.07451,4.6113505859375,4.49909158203125,4.730675,4.6808860546875
3,TinyImageNet,feddecorr,0,0,100,0.1,5,3,39,0.0933,0.11119,0.0845,0.09846,4.5885732421875,4.373513359375,4.5374033203125,4.4270832421875
4,TinyImageNet,feddecorr,0,0,100,0.1,5,3,49,0.1061,0.13115,0.1024,0.1271,4.615043359375,4.28011685546875,4.4265130859375,4.22805388671875
5,TinyImageNet,feddecorr,0,0,100,0.1,5,3,59,0.1173,0.14958,0.1193,0.14954,4.674491796875,4.2004660546875,4.41739765625,4.07184419921875
6,TinyImageNet,feddecorr,0,0,100,0.1,5,3,69,0.1234,0.16117,0.1287,0.16619,4.775150390625,4.17800265625,4.4913587890625,4.00448880859375
7,TinyImageNet,feddecorr,0,0,100,0.1,5,3,79,0.1257,0.17387,0.1335,0.1769,4.8528390625,4.147588203125,4.5675107421875,3.95059505859375
