,task,mode,balance,distribution,n_clients,act_prob,seed,epoch,a1,a2,a3,a4,l1,l2,l3,l4
0,CIFAR10,fedavg,0,0.3,100,0.01,5,9,0.3988,0.3986,0.1239,0.12222,1.8339849609375,1.833105302734375,2.2763798828125,2.276574423828125
1,CIFAR10,fedavg,0,0.3,100,0.01,5,19,0.4798,0.4839,0.2114,0.21082,1.648177490234375,1.6330337451171875,2.21273828125,2.21299021484375
2,CIFAR10,fedavg,0,0.3,100,0.01,5,29,0.3822,0.3852,0.2983,0.298,2.82228583984375,2.778642666015625,2.12723037109375,2.12657337890625
3,CIFAR10,fedavg,0,0.3,100,0.01,5,39,0.3922,0.39728,0.3678,0.3696,3.13478095703125,3.09198423828125,2.043588037109375,2.041356123046875
4,CIFAR10,fedavg,0,0.3,100,0.01,5,49,0.5654,0.58176,0.4589,0.46502,1.461315576171875,1.3673145654296874,1.902285400390625,1.896616865234375
5,CIFAR10,fedavg,0,0.3,100,0.01,5,59,0.5284,0.54826,0.5208,0.53394,1.80959521484375,1.6999590283203125,1.757826220703125,1.746369765625
6,CIFAR10,fedavg,0,0.3,100,0.01,5,69,0.6004,0.621,0.5759,0.59458,1.345281689453125,1.24705279296875,1.55980146484375,1.538381220703125
