,task,mode,balance,distribution,n_clients,act_prob,seed,epoch,a1,a2,a3,a4,l1,l2,l3,l4
0,CIFAR100,fedavg,0,0,100,0.01,6,9,0.1135,0.10952,0.0236,0.02158,3.891673046875,3.863818515625,4.5942240234375,4.5940134375
